{
  "Tenure": 1.914755940437317,
  "Complain": 0.8129960894584656,
  "CashbackAmount": 0.5785642862319946,
  "NumberOfAddress": 0.5640870332717896,
  "DaySinceLastOrder": 0.4218357503414154,
  "SatisfactionScore": 0.3837805390357971,
  "WarehouseToHome": 0.3700472116470337,
  "PreferedOrderCat_Laptop & Accessory": 0.3425742983818054,
  "CityTier": 0.33575689792633057,
  "MaritalStatus_Single": 0.33541083335876465,
  "NumberOfDeviceRegistered": 0.22189290821552277,
  "OrderAmountHikeFromlastYear": 0.21691885590553284,
  "OrderCount": 0.17778417468070984,
  "CouponUsed": 0.1156100183725357,
  "PreferredLoginDevice_Computer": 0.11430805921554565,
  "Gender_Female": 0.10480620712041855,
  "MaritalStatus_Married": 0.09809314459562302,
  "PreferredPaymentMode_E wallet": 0.08572261035442352,
  "PreferredPaymentMode_UPI": 0.0727933868765831,
  "PreferredPaymentMode_Credit Card": 0.07190954685211182,
  "PreferedOrderCat_Fashion": 0.06051495671272278,
  "PreferredLoginDevice_Mobile Phone": 0.05360852926969528,
  "PreferredPaymentMode_Debit Card": 0.050031207501888275,
  "HourSpendOnApp": 0.046106915920972824,
  "PreferredPaymentMode_COD": 0.0416782982647419,
  "Gender_Male": 0.03671607747673988,
  "PreferredPaymentMode_Cash on Delivery": 0.03543606400489807,
  "PreferredPaymentMode_CC": 0.024889880791306496,
  "PreferredLoginDevice_Phone": 0.023306041955947876,
  "PreferedOrderCat_Others": 0.02221323549747467,
  "PreferedOrderCat_Mobile Phone": 0.0179990716278553,
  "MaritalStatus_Divorced": 0.013170571066439152,
  "PreferedOrderCat_Mobile": 0.01200423389673233,
  "PreferedOrderCat_Grocery": 0.005144269671291113
}